<?xml version="1.0" encoding="UTF-8"?>
<contextPlugins version="1.0.0" xmlns:android="http://schemas.android.com/apk/res/android">
	<contextPlugin
		metadataVersion="1.0.0" 
		repoType="simple-file"
		id="org.ambientdynamix.contextplugins.batterylevel"
		pluginVersion="1.0.0" 
		pluginType="AUTO_REACTIVE"
		provider="Ambient Dynamix"       
		platform="android" 
		minPlatformVersion="2.1" 
		minFrameworkVersion="0.9.47" 
		requiresConfiguration="false"
		hasConfigurationView="false"
		runtimeFactoryClass="org.ambientdynamix.contextplugins.batterylevel.PluginFactory">
		<name>Battery Level Plugin</name>
		<description>Detects the device's battery level.</description>
		<supportedPrivacyRiskLevels>			
			<privacyRiskLevel name="LOW">Provides the device's battery level as a percentage of 100.</privacyRiskLevel>			
		</supportedPrivacyRiskLevels>
		<supportedContextTypes>
			<contextType>org.ambientdynamix.contextplugins.batterylevel</contextType>
		</supportedContextTypes>		
		<featureDependencies/>			
		<permissions/>				
		<installUrl>dynamix/org.ambientdynamix.contextplugins.batterylevel_1.0.0.jar</installUrl>
		<updateUrl></updateUrl>
		<updateMessage priority="OPTIONAL"></updateMessage>
	</contextPlugin>
</contextPlugins>